<edmx:Edmx xmlns:edmx="http://schemas.microsoft.com/ado/2007/06/edmx"
	xmlns:m="http://schemas.microsoft.com/ado/2007/08/dataservices/metadata" xmlns:sap="http://www.sap.com/Protocols/SAPData" Version="1.0">
	<edmx:Reference xmlns:edmx="http://docs.oasis-open.org/odata/ns/edmx"
		Uri="./IWFND/CATALOGSERVICE;v=2/Vocabularies(TechnicalName='%2FIWBEP%2FVOC_COMMON',Version='0001',SAP__Origin='LOCAL')/$value"><edmx:Include Namespace="com.sap.vocabularies.Common.v1" Alias="Common"/></edmx:Reference>
	<edmx:DataServices m:DataServiceVersion="2.0">
		<Schema xmlns="http://schemas.microsoft.com/ado/2008/09/edm" Namespace="ZC_MT_VIEW1_CDS" xml:lang="en" sap:schema-version="1">
			<EntityType Name="ZC_MT_View1Type" sap:label="C_View for questions to be displayed" sap:content-version="1">
				<Key><PropertyRef Name="questid"/></Key><Property Name="questid" Type="Edm.String" Nullable="false" MaxLength="64" sap:display-format="UpperCase" sap:label="Question ID"/><Property Name="qtxt" Type="Edm.String" MaxLength="2000" sap:display-format="UpperCase" sap:label="long text for questions and answers"/><Property Name="language" Type="Edm.String" MaxLength="2" sap:label="Language Key"/><Property Name="campaign" Type="Edm.String" MaxLength="24" sap:display-format="UpperCase" sap:label="Number"/><NavigationProperty Name="to_view2" Relationship="ZC_MT_VIEW1_CDS.assoc_25041B92FD000410E538C550426DF3DE"
					FromRole="FromRole_assoc_25041B92FD000410E538C550426DF3DE" ToRole="ToRole_assoc_25041B92FD000410E538C550426DF3DE"/></EntityType>
			<EntityType Name="ZC_MT_View2Type" sap:label="C View for the feedback" sap:content-version="1">
				<Key><PropertyRef Name="guid"/></Key><Property Name="campaign" Type="Edm.String" MaxLength="24" sap:display-format="UpperCase" sap:label="Number"/><Property Name="object_id" Type="Edm.String" MaxLength="10" sap:display-format="UpperCase" sap:label="Transaction ID"/><Property Name="qtxt" Type="Edm.String" MaxLength="2000" sap:display-format="UpperCase" sap:label="long text for questions and answers"/><Property Name="atxt" Type="Edm.String" MaxLength="2000" sap:display-format="UpperCase" sap:label="long text for questions and answers"/><Property Name="polarity" Type="Edm.String" MaxLength="10" sap:display-format="UpperCase" sap:label="Character Field Length = 10"/><Property Name="guid" Type="Edm.Guid" Nullable="false" sap:label="GUID"/><Property Name="language" Type="Edm.String" MaxLength="2" sap:label="Language Key"/><Property Name="questid" Type="Edm.String" MaxLength="64" sap:display-format="UpperCase" sap:label="Question ID"/><Property Name="answerid" Type="Edm.String" MaxLength="64" sap:display-format="UpperCase" sap:label="Answer ID"/><Property Name="partner" Type="Edm.String" MaxLength="10" sap:display-format="UpperCase" sap:label="Business Partner"/></EntityType>
			<Association Name="assoc_25041B92FD000410E538C550426DF3DE" sap:content-version="1"><End Type="ZC_MT_VIEW1_CDS.ZC_MT_View1Type" Multiplicity="1" Role="FromRole_assoc_25041B92FD000410E538C550426DF3DE"/><End Type="ZC_MT_VIEW1_CDS.ZC_MT_View2Type" Multiplicity="*" Role="ToRole_assoc_25041B92FD000410E538C550426DF3DE"/></Association>
			<EntityContainer Name="ZC_MT_VIEW1_CDS_Entities" m:IsDefaultEntityContainer="true" sap:supported-formats="atom json xlsx"><EntitySet Name="ZC_MT_View2" EntityType="ZC_MT_VIEW1_CDS.ZC_MT_View2Type" sap:creatable="false" sap:updatable="false" sap:deletable="false"
				sap:content-version="1"/><EntitySet Name="ZC_MT_View1" EntityType="ZC_MT_VIEW1_CDS.ZC_MT_View1Type" sap:creatable="false" sap:updatable="false" sap:deletable="false"
				sap:searchable="true" sap:content-version="1"/>
				<AssociationSet Name="assoc_25041B92FD000410E538C550426DF3DE" Association="ZC_MT_VIEW1_CDS.assoc_25041B92FD000410E538C550426DF3DE"
					sap:creatable="false" sap:updatable="false" sap:deletable="false" sap:content-version="1"><End EntitySet="ZC_MT_View1" Role="FromRole_assoc_25041B92FD000410E538C550426DF3DE"/><End EntitySet="ZC_MT_View2" Role="ToRole_assoc_25041B92FD000410E538C550426DF3DE"/></AssociationSet>
			</EntityContainer><atom:link xmlns:atom="http://www.w3.org/2005/Atom" rel="self" href="./sap/ZC_MT_VIEW1_CDS/$metadata"/><atom:link xmlns:atom="http://www.w3.org/2005/Atom" rel="latest-version" href="./sap/ZC_MT_VIEW1_CDS/$metadata"/></Schema>
	</edmx:DataServices>
</edmx:Edmx>