<edmx:Edmx xmlns:edmx="http://docs.oasis-open.org/odata/ns/edmx" Version="4.0">
	<edmx:Reference Uri="../../catalogservice;v=2/Vocabularies(TechnicalName='%2FIWBEP%2FVOC_COMMON',Version='0001',SAP__Origin='LOCAL')/$value"><edmx:Include Namespace="com.sap.vocabularies.Common.v1" Alias="Common"/></edmx:Reference>
	<edmx:Reference Uri="../../catalogservice;v=2/Vocabularies(TechnicalName='%2FIWBEP%2FVOC_UI',Version='0001',SAP__Origin='LOCAL')/$value"><edmx:Include Namespace="com.sap.vocabularies.UI.v1" Alias="UI"/></edmx:Reference>
	<edmx:Reference
		Uri="../../catalogservice;v=2/Vocabularies(TechnicalName='%2FIWBEP%2FVOC_COMMUNICATION',Version='0001',SAP__Origin='LOCAL')/$value"><edmx:Include Namespace="com.sap.vocabularies.Communication.v1" Alias="Communication"/></edmx:Reference>
	<edmx:Reference Uri="../../../sap/zc_mt_view1_cds/$metadata"><edmx:Include Namespace="ZC_MT_VIEW1_CDS" Alias="SAP"/></edmx:Reference>
	<edmx:DataServices>
		<Schema xmlns="http://docs.oasis-open.org/odata/ns/edm" Namespace="zc_mt_view1_cds_van.v1">
			<Annotations Target="ZC_MT_VIEW1_CDS.ZC_MT_View1Type">
				<Annotation Term="UI.HeaderInfo">
					<Record><PropertyValue Property="TypeName" String="Demo Input"/><PropertyValue Property="TypeNamePlural" String="Demp Inputs"/>
						<PropertyValue Property="Title">
							<Record Type="UI.DataField"><PropertyValue Property="Value"
								String="Property 'Survey Values - Title' of annotation 'UI.HEADERINFO.TITLE' in proj./view 'ZC_MT_View1' not found"/></Record>
						</PropertyValue>
					</Record>
				</Annotation>
				<Annotation Term="UI.Identification">
					<Collection>
						<Record Type="UI.DataField"><PropertyValue Property="Value" Path="questid"/></Record>
						<Record Type="UI.DataField"><PropertyValue Property="Value" Path="qtxt"/></Record>
						<Record Type="UI.DataField"><PropertyValue Property="Value" Path="language"/></Record>
						<Record Type="UI.DataField"><PropertyValue Property="Value" Path="campaign"/></Record>
					</Collection>
				</Annotation>
				<Annotation Term="UI.LineItem">
					<Collection>
						<Record Type="UI.DataField"><PropertyValue Property="Label" String="Campaign ID"/><PropertyValue Property="Value" Path="campaign"/><Annotation Term="UI.Importance" EnumMember="UI.ImportanceType/High"/></Record>
						<Record Type="UI.DataField"><PropertyValue Property="Value" Path="language"/><Annotation Term="UI.Importance" EnumMember="UI.ImportanceType/High"/></Record>
						<Record Type="UI.DataField"><PropertyValue Property="Label" String="Question Text"/><PropertyValue Property="Value" Path="qtxt"/><Annotation Term="UI.Importance" EnumMember="UI.ImportanceType/High"/></Record>
						<Record Type="UI.DataField"><PropertyValue Property="Value" Path="questid"/><Annotation Term="UI.Importance" EnumMember="UI.ImportanceType/High"/></Record>
					</Collection>
				</Annotation>
				<Annotation Term="UI.SelectionFields">
					<Collection>
						<PropertyPath>questid</PropertyPath>
						<PropertyPath>qtxt</PropertyPath>
						<PropertyPath>language</PropertyPath>
						<PropertyPath>campaign</PropertyPath>
					</Collection>
				</Annotation>
			</Annotations>
			<Annotations Target="ZC_MT_VIEW1_CDS.ZC_MT_View2Type">
				<Annotation Term="UI.HeaderInfo">
					<Record><PropertyValue Property="TypeName" String="Survey Answers"/><PropertyValue Property="TypeNamePlural" String="Survey Answers"/>
						<PropertyValue Property="Title">
							<Record Type="UI.DataField"><PropertyValue Property="Value"
								String="Property 'Survey Values - Title' of annotation 'UI.HEADERINFO.TITLE' in proj./view 'ZC_MT_View2' not found"/></Record>
						</PropertyValue>
					</Record>
				</Annotation>
				<Annotation Term="UI.Identification">
					<Collection>
						<Record Type="UI.DataField"><PropertyValue Property="Value" Path="polarity"/></Record>
						<Record Type="UI.DataField"><PropertyValue Property="Value" Path="atxt"/></Record>
						<Record Type="UI.DataField"><PropertyValue Property="Value" Path="qtxt"/></Record>
						<Record Type="UI.DataField"><PropertyValue Property="Value" Path="object_id"/></Record>
						<Record Type="UI.DataField"><PropertyValue Property="Value" Path="campaign"/></Record>
						<Record Type="UI.DataField"><PropertyValue Property="Value" Path="partner"/></Record>
						<Record Type="UI.DataField"><PropertyValue Property="Value" Path="answerid"/></Record>
						<Record Type="UI.DataField"><PropertyValue Property="Value" Path="questid"/></Record>
						<Record Type="UI.DataField"><PropertyValue Property="Value" Path="language"/></Record>
						<Record Type="UI.DataField"><PropertyValue Property="Value" Path="guid"/></Record>
					</Collection>
				</Annotation>
				<Annotation Term="UI.LineItem">
					<Collection>
						<Record Type="UI.DataField"><PropertyValue Property="Label" String="Polarity"/><PropertyValue Property="Value" Path="polarity"/><Annotation Term="UI.Importance" EnumMember="UI.ImportanceType/High"/></Record>
						<Record Type="UI.DataField"><PropertyValue Property="Label" String="Answer Text"/><PropertyValue Property="Value" Path="atxt"/><Annotation Term="UI.Importance" EnumMember="UI.ImportanceType/High"/></Record>
						<Record Type="UI.DataField"><PropertyValue Property="Label" String="Question Text"/><PropertyValue Property="Value" Path="qtxt"/><Annotation Term="UI.Importance" EnumMember="UI.ImportanceType/High"/></Record>
						<Record Type="UI.DataField"><PropertyValue Property="Value" Path="object_id"/><Annotation Term="UI.Importance" EnumMember="UI.ImportanceType/High"/></Record>
						<Record Type="UI.DataField"><PropertyValue Property="Value" Path="campaign"/><Annotation Term="UI.Importance" EnumMember="UI.ImportanceType/High"/></Record>
						<Record Type="UI.DataField"><PropertyValue Property="Value" Path="partner"/><Annotation Term="UI.Importance" EnumMember="UI.ImportanceType/High"/></Record>
						<Record Type="UI.DataField"><PropertyValue Property="Value" Path="answerid"/><Annotation Term="UI.Importance" EnumMember="UI.ImportanceType/High"/></Record>
						<Record Type="UI.DataField"><PropertyValue Property="Value" Path="questid"/><Annotation Term="UI.Importance" EnumMember="UI.ImportanceType/High"/></Record>
						<Record Type="UI.DataField"><PropertyValue Property="Value" Path="language"/><Annotation Term="UI.Importance" EnumMember="UI.ImportanceType/High"/></Record>
						<Record Type="UI.DataField"><PropertyValue Property="Value" Path="guid"/><Annotation Term="UI.Importance" EnumMember="UI.ImportanceType/High"/></Record>
					</Collection>
				</Annotation>
			</Annotations>
		</Schema>
	</edmx:DataServices>
</edmx:Edmx>